{"cameraMode":{"drawMode":0,"name":"Shaded","section":"Shading Mode"},"sceneLighting":true,"audioPlay":false,"sceneViewState":{"showFog":true,"showMaterialUpdate":false,"showSkybox":true,"showFlares":true,"showImageEffects":true,"showParticleSystems":true},"in2DMode":false,"pivot":{"x":-443.4498291015625,"y":47.01271438598633,"z":-10.986198425292969},"rotation":{"x":0.20406930148601533,"y":0.2550468444824219,"z":-0.055161889642477038,"w":0.9435389637947083},"size":10.0,"orthographic":false}