{"cameraMode":{"drawMode":0,"name":"Shaded","section":"Shading Mode"},"sceneLighting":true,"audioPlay":false,"sceneViewState":{"showFog":true,"showMaterialUpdate":false,"showSkybox":true,"showFlares":true,"showImageEffects":true,"showParticleSystems":true},"in2DMode":false,"pivot":{"x":521.3333740234375,"y":325.20001220703127,"z":0.0},"rotation":{"x":0.20406930148601533,"y":0.2550468444824219,"z":-0.055161889642477038,"w":0.9435389637947083},"size":121.59774780273438,"orthographic":false}