{"cameraMode":{"drawMode":0,"name":"Shaded","section":"Shading Mode"},"sceneLighting":true,"audioPlay":false,"sceneViewState":{"showFog":true,"showMaterialUpdate":false,"showSkybox":true,"showFlares":true,"showImageEffects":true,"showParticleSystems":true},"in2DMode":false,"pivot":{"x":-247.1832275390625,"y":117.34786987304688,"z":111.41744232177735},"rotation":{"x":0.3023834228515625,"y":-0.10126446932554245,"z":0.032326117157936099,"w":0.9472418427467346},"size":138.8922882080078,"orthographic":false}