{"cameraMode":{"drawMode":0,"name":"Shaded","section":"Shading Mode"},"sceneLighting":true,"audioPlay":false,"sceneViewState":{"showFog":true,"showMaterialUpdate":false,"showSkybox":true,"showFlares":true,"showImageEffects":true,"showParticleSystems":true},"in2DMode":false,"pivot":{"x":-476.0299987792969,"y":19.47800064086914,"z":-16.142000198364259},"rotation":{"x":0.2084897756576538,"y":0.4665369689464569,"z":-0.11416938900947571,"w":0.8519639372825623},"size":14.49795913696289,"orthographic":false}