{"cameraMode":{"drawMode":0,"name":"Shaded","section":"Shading Mode"},"sceneLighting":true,"audioPlay":false,"sceneViewState":{"showFog":true,"showMaterialUpdate":false,"showSkybox":true,"showFlares":true,"showImageEffects":true,"showParticleSystems":true},"in2DMode":false,"pivot":{"x":-200.77297973632813,"y":-26.564315795898439,"z":-68.76507568359375},"rotation":{"x":-0.18581224977970124,"y":-0.7400080561637878,"z":0.22720977663993836,"w":-0.6051801443099976},"size":103.1619644165039,"orthographic":false}