{"cameraMode":{"drawMode":0,"name":"Shaded","section":"Shading Mode"},"sceneLighting":true,"audioPlay":false,"sceneViewState":{"showFog":true,"showMaterialUpdate":false,"showSkybox":true,"showFlares":true,"showImageEffects":true,"showParticleSystems":true},"in2DMode":false,"pivot":{"x":-465.2061767578125,"y":19.434223175048829,"z":-32.605133056640628},"rotation":{"x":0.2084897756576538,"y":0.4665369689464569,"z":-0.11416938900947571,"w":0.8519639372825623},"size":7.871836185455322,"orthographic":false}